"store_type","total_sales","percentage_of_total_sales","order_count"
"Local",4191902.019999601,65.00963681834135,"77625"
"Mall Kiosk",704362.4400000046,10.923524976112255,"13027"
"Outlet",507724.09000000154,7.873981437864357,"9139"
"Super Store",1043067.72000001,16.176297377805234,"19095"
"Web Portal",1067.77,0.016559389884195565,"43"
